x,y,z
0,0,0
0,50,0
0,100,0
0,150,0
0,200,0
0,250,0
0,300,0
0,350,0
0,400,0
0,450,0
0,500,0
0,550,0
0,600,0
0,650,0
0,700,0
0,750,0
0,800,0
0,850,0
0,900,0
0,950,0
0,1000,0
0,1050,0
0,1100,0
0,1150,0
0,1200,0
0,1250,0
0,1300,0
0,1350,0
0,1400,0
0,1450,0
25,0,0
25,50,179.80869236481868
25,100,228.80869236481868
25,150,257.4718549001553
25,200,277.8086923648187
25,250,293.5831690142994
25,300,306.47185490015534
25,350,317.3690835456413
25,400,326.8086923648187
25,450,335.135017435492
25,500,342.5831690142994
25,550,349.32084167804624
25,600,355.47185490015534
25,650,361.13023855373217
25,700,366.3690835456413
25,750,371.24633154963607
25,800,375.8086923648187
25,850,380.0943715860853
25,900,384.135017435492
25,950,387.95714052355436
25,1000,391.5831690142994
25,1050,395.0322460809779
25,1100,398.32084167804624
25,1150,401.4632282116123
25,1200,404.47185490015534
25,1250,407.35764566378015
25,1300,410.13023855373217
25,1350,412.79817997082864
25,1400,415.3690835456413
25,1450,417.84976112606967
50,0,0
50,50,319.9050971091867
50,100,418.9050971091867
50,150,476.8163846805812
50,200,517.9050971091867
50,250,549.7759785030356
50,300,575.8163846805813
50,350,597.8332343928896
50,400,616.9050971091868
50,450,633.7276722519757
50,500,648.7759785030356
50,550,662.3888273542792
50,600,674.8163846805813
50,650,686.2486292051549
50,700,696.8332343928896
50,750,706.6872660744301
50,800,715.9050971091868
50,850,724.5639183929704
50,900,732.7276722519757
50,950,740.4499209401018
50,1000,747.7759785030356
50,1050,754.7445219642841
50,1100,761.3888273542792
50,1150,767.737730758831
50,1200,773.8163846805813
50,1250,779.6468598968845
50,1300,785.2486292051548
50,1350,790.6389598233701
50,1400,795.8332343928897
50,1450,800.8452156268164
75,0,0
75,50,441.5443517987471
75,100,590.5443517987471
75,150,677.7037644061993
75,200,739.5443517987471
75,250,787.511637936964
75,300,826.7037644061995
75,350,859.8402351853301
75,400,888.5443517987471
75,450,913.8631770136517
75,500,936.511637936964
75,550,956.9996629757043
75,600,975.7037644061995
75,650,992.9098698017697
75,700,1008.8402351853301
75,750,1023.6710505444164
75,800,1037.5443517987471
75,850,1050.5763151450478
75,900,1062.8631770136517
75,950,1074.4855513018415
75,1000,1085.511637936964
75,1050,1095.9996477927825
75,1100,1105.9996629757043
75,1150,1115.555083251242
75,1200,1124.7037644061995
75,1250,1133.478924075181
75,1300,1141.9098698017697
75,1350,1150.022589621104
75,1400,1157.8402351853301
75,1450,1165.3835200727553
100,0,0
100,50,551.097906597923
100,100,750.097906597923
100,150,866.5054442414331
100,200,949.097906597923
100,250,1013.1615974805082
100,300,1065.5054442414335
100,350,1109.7615360873865
100,400,1148.0979065979232
100,450,1181.9129818849433
100,500,1212.1615974805081
100,550,1239.524798706745
100,600,1264.5054442414335
100,650,1287.4854105080003
100,700,1308.7615360873865
100,750,1328.5691351240184
100,800,1347.0979065979232
100,850,1364.5030120067408
100,900,1380.9129818849433
100,950,1396.4354817731964
100,1000,1411.1615974805081
100,1050,1425.1690737308963
100,1100,1438.524798706745
100,1150,1451.2867358532685
100,1200,1463.5054442414335
100,1250,1475.2252883630931
100,1300,1486.4854105080003
100,1350,1497.3205195284531
100,1400,1507.761536087386
100,1450,1517.8361246283098
125,0,0
125,50,651.6313713864835
125,100,900.6313713864835
125,150,1046.287034066051
125,200,1149.6313713864834
125,250,1229.7914670134369
125,300,1295.2870340660515
125,350,1350.6627469788273
125,400,1398.6313713864838
125,450,1440.9426967456193
125,500,1478.7914670134369
125,550,1513.0298444271707
125,600,1544.2870340660515
125,650,1573.0408612036153
125,700,1599.6627469788273
125,750,1624.4471296930046
125,800,1647.6313713864838
125,850,1669.4096188578183
125,900,1689.9426967456193
125,950,1709.3653222339367
125,1000,1727.7914670134369
125,1050,1745.318409658395
125,1100,1762.0298444271707
125,1150,1777.9982984446797
125,1200,1793.2870340660515
125,1250,1807.95156264039
125,1300,1822.0408612036153
125,1350,1835.5983594251875
125,1400,1848.6627469788273
125,1450,1861.268639173249
150,0,0
150,50,744.9613784777646
150,100,1043.9613784777646
150,150,1218.8651661933905
150,200,1342.9613784777644
150,250,1439.217878849086
150,300,1517.8651661933905
150,350,1584.3605001729884
150,400,1641.9613784777648
150,450,1692.768953909016
150,500,1738.217878849086
150,550,1779.3314324503167
150,600,1816.8651661933905
150,650,1851.3928542019512
150,700,1883.3605001729884
150,750,1913.1216665647116
150,800,1940.9613784777648
150,850,1967.112768011616
150,900,1991.768953909016
150,950,2015.0917049973968
150,1000,2037.217878849086
150,1050,2058.264287888614
150,1100,2078.3314324503167
150,1150,2097.5064033388117
150,1200,2115.8651661933905
150,1250,2133.474379220407
150,1300,2150.392854201951
150,1350,2166.6727416246417
150,1400,2182.3605001729884
150,1450,2197.4976960209087
175,0,0
175,50,832.2926545488888
175,100,1181.292654548889
175,150,1385.444567300572
175,200,1530.292654548889
175,250,1642.6455596645783
175,300,1734.4445673005725
175,350,1812.0595223469927
175,400,1879.292654548889
175,450,1938.596480052256
175,500,1991.6455596645783
175,550,2039.6342894533054
175,600,2083.4445673005725
175,650,2123.74611618013
175,700,2161.0595223469927
175,750,2195.797472416262
175,800,2228.292654548889
175,850,2258.8171861452574
175,900,2287.596480052256
175,950,2314.8193567407
175,1000,2340.6455596645783
175,1050,2365.2114350986762
175,1100,2388.6342894533054
175,1150,2411.0157772127864
175,1200,2432.4445673005725
175,1250,2452.9984647802676
175,1300,2472.74611618013
175,1350,2491.7483928039396
175,1400,2510.0595223469927
175,1450,2527.7280218484116
200,0,0
200,50,914.4835255753958
200,100,1313.4835255753958
200,150,1546.8835633631368
200,200,1712.4835255753958
200,250,1840.9328354354532
200,300,1945.8835633631372
200,350,2034.6181394763796
200,400,2111.483525575396
200,450,2179.283601150879
200,500,2239.932835435453
200,550,2294.7967414116774
200,600,2344.883563363137
200,650,2390.958973113691
200,700,2433.61813947638
200,750,2473.332873223195
200,800,2510.483525575396
200,850,2545.3811992342817
200,900,2578.283601150879
200,950,2609.4066034393863
200,1000,2638.932835435453
200,1050,2667.018177264121
200,1100,2693.7967414116774
200,1150,2719.384746042144
200,1200,2743.883563363137
200,1250,2767.382145295511
200,1300,2789.958973113691
200,1350,2811.68363893862
200,1400,2832.61813947638
200,1450,2852.8179426312963
225,0,0
225,50,992.1768799938011
225,100,1441.176879993801
225,150,1703.8250428176
225,200,1890.176879993801
225,250,2034.7225945982266
225,300,2152.8250428176007
225,350,2252.6792399976657
225,400,2339.176879993801
225,450,2415.4732056413995
225,500,2483.7225945982264
225,550,2545.4616767619473
225,600,2601.8250428176007
225,650,2653.674313439152
225,700,2701.6792399976657
225,750,2746.370757422026
225,800,2788.176879993802
225,850,2827.4476957152037
225,900,2864.4732056413995
225,950,2899.4963335299717
225,1000,2932.7225945982273
225,1050,2964.3274028214646
225,1100,2994.4616767619473
225,1150,3023.2561982633997
225,1200,3050.8250428176007
225,1250,3077.2683092026527
225,1300,3102.674313439152
225,1350,3127.1213684651984
225,1400,3150.6792399976657
225,1450,3173.410346806081
250,0,0
250,50,1065.8723832474038
250,100,1564.8723832474038
250,150,1856.7686711072606
250,200,2063.872383247404
250,250,2224.5145025961974
250,300,2355.768671107261
250,350,2466.7424893541483
250,400,2562.8723832474043
250,450,2647.664958967118
250,500,2723.5145025961974
250,550,2792.128760947415
250,600,2854.768671107261
250,650,2912.391802599808
250,700,2965.7424893541483
250,750,3015.410790456054
250,800,3061.8723832474043
250,850,3105.5163410313235
250,900,3146.664958967118
250,950,3185.588212455753
250,1000,3222.5145025961974
250,1050,3257.638777214005
250,1100,3291.128760947415
250,1150,3323.129799319853
250,1200,3353.768671107261
250,1250,3383.1566219449915
250,1300,3411.391802599808
250,1350,3438.5612468269746
250,1400,3464.7424893541483
250,1450,3490.004899816062
275,0,0
275,50,1135.9696130646057
275,100,1684.9696130646057
275,150,2006.1140259605204
275,200,2233.9696130646053
275,250,2410.708137157768
275,300,2555.114025960521
275,350,2677.2074652742303
275,400,2782.969613064606
275,450,2876.2584388564355
275,500,2959.708137157768
275,550,3035.1975716964816
275,600,3104.114025960521
275,650,3167.511018324065
275,700,3226.2074652742303
275,750,3280.8525500536825
275,800,3331.969613064606
275,850,3379.9867129110426
275,900,3425.2584388564355
275,950,3468.0818179451344
275,1000,3508.708137157768
275,1050,3547.351878170145
275,1100,3584.1975716964816
275,1150,3619.405126939906
275,1200,3653.114025960521
275,1250,3685.4466612509295
275,1300,3716.511018324065
275,1350,3746.40285175235
275,1400,3775.2074652742303
275,1450,3803.001179389643
300,0,0
300,50,1202.7954318357997
300,100,1801.7954318357997
300,150,2152.187969767772
300,200,2400.7954318357993
300,250,2593.6303606733295
300,300,2751.1879697677728
300,350,2884.4010301483045
300,400,2999.7954318358
300,450,3101.5805076997453
300,500,3192.6303606733295
300,550,3274.9949713995406
300,600,3350.1879697677728
300,650,3419.358823002314
300,700,3483.4010301483045
300,750,3543.022898605302
300,800,3598.7954318358
300,850,3651.185673744753
300,900,3700.5805076997453
300,950,3747.304012388508
300,1000,3791.6303606733295
300,1050,3833.793568080277
300,1100,3873.9949713995406
300,1150,3912.40904351395
300,1200,3949.1879697677728
300,1250,3984.4652895108597
300,1300,4018.358823002314
300,1350,4050.973045631718
300,1400,4082.4010301483045
300,1450,4112.726047917215
325,0,0
325,50,1266.6222011832401
325,100,1915.6222011832397
325,150,2295.26286415127
325,200,2564.6222011832397
325,250,2773.5535347651385
325,300,2944.262864151271
325,350,3088.595545598625
325,400,3213.6222011832406
325,450,3323.9035271193015
325,500,3422.5535347651385
325,550,3511.793321678846
325,600,3593.262864151271
325,650,3668.207578256808
325,700,3737.595545598625
325,750,3802.194197733169
325,800,3862.6222011832406
325,850,3919.3855851547105
325,900,3972.9035271193015
325,950,4023.527157408127
325,1000,4071.5535347651385
325,1050,4117.2362085666555
325,1100,4160.793321678846
325,1150,4202.4139106642415
325,1200,4242.262864151271
325,1250,4280.484868347036
325,1300,4317.207578256808
325,1350,4352.544190087331
325,1400,4386.595545598625
325,1450,4419.451867021035
350,0,0
350,50,1327.6803763993848
350,100,2026.6803763993844
350,150,2435.5691644034728
350,200,2725.6803763993844
350,250,2950.708114725651
350,300,3134.5691644034737
350,350,3290.0214669176507
350,400,3424.6803763993853
350,450,3543.457952407561
350,500,3649.708114725651
350,550,3745.8230778268558
350,600,3833.5691644034737
350,650,3914.2877393800077
350,700,3989.0214669176507
350,750,4058.596902729739
350,800,4123.680376399385
350,850,4184.816902433373
350,900,4242.457952407562
350,950,4296.981708296451
350,1000,4348.70811472565
350,1050,4397.910254921739
350,1100,4444.823077826855
350,1150,4489.650183683238
350,1200,4532.569164403474
350,1250,4573.735853051918
350,1300,4613.287739380008
350,1350,4651.346740411649
350,1400,4688.021466917651
350,1450,4723.409091993557
375,0,0
375,50,1386.1674948371688
375,100,2135.1674948371688
375,150,2573.304407877315
375,200,2884.1674948371688
375,250,3125.2916379078038
375,300,3322.304407877316
375,350,3488.8763314583152
375,400,3633.1674948371697
375,450,3760.4413209174613
375,500,3874.2916379078038
375,550,3977.281777196505
375,600,4071.304407877316
375,650,4157.796843724847
375,700,4237.876331458316
375,750,4312.4285509479505
375,800,4382.167494837169
375,850,4447.6771629336745
375,900,4509.441320917462
375,950,4567.865202406416
375,1000,4623.291637907803
375,1050,4676.013244498461
375,1100,4726.281777196506
375,1150,4774.315399923871
375,1200,4820.304407877316
375,1250,4864.415780978437
375,1300,4906.796843724847
375,1350,4947.578233957607
375,1400,4986.876331458316
375,1450,5024.7952601877205
400,0,0
400,50,1442.2547635303395
400,100,2241.2547635303395
400,150,2708.6398016065436
400,200,3040.2547635303395
400,250,3297.475311345343
400,300,3507.6398016065446
400,350,3685.331346254366
400,400,3839.2547635303404
400,450,3975.024839682748
400,500,4096.475311345343
400,550,4206.34062682154
400,600,4306.639801606545
400,650,4398.906098325073
400,700,4484.3313462543665
400,750,4563.860349421546
400,800,4638.25476353034
400,850,4708.137573689362
400,900,4774.024839682748
400,950,4836.348846771765
400,1000,4895.475311345343
400,1050,4951.71638433057
400,1100,5005.34062682154
400,1150,5056.580766419893
400,1200,5105.639801606545
400,1250,5152.695859160343
400,1300,5197.906098325071
400,1350,5241.409877758952
400,1400,5283.331346254365
400,1450,5323.7815786372685
425,0,0
425,50,1496.0919979020632
425,100,2345.091997902063
425,150,2841.7251610143253
425,200,3194.091997902063
425,250,3467.4089504614344
425,300,3690.725161014326
425,350,3879.53632672897
425,400,4043.091997902064
425,450,4187.358324126588
425,500,4316.408950461435
425,550,4433.149442125128
425,600,4539.725161014327
425,650,4637.76531860385
425,700,4728.53632672897
425,750,4813.042113573696
425,800,4892.091997902064
425,850,4966.347950123603
425,900,5036.358324126588
425,950,5102.5824568156695
425,1000,5165.408950461435
425,1050,5225.169489841232
425,1100,5282.14944212513
425,1150,5336.596098594468
425,1200,5388.725161014327
425,1250,5438.725903020804
425,1300,5486.7653186038515
425,1350,5532.991487238849
425,1400,5577.53632672897
425,1450,5620.517862765373
450,0,0
450,50,1547.8113973685931
450,100,2446.811397368593
450,150,2972.692685516913
450,200,3345.811397368593
450,250,3635.224754672333
450,300,3871.692685516914
450,350,4071.62347229838
450,400,4244.811397368594
450,450,4397.573973665233
450,500,4534.224754672333
450,550,4657.840422523524
450,600,4770.692685516913
450,650,4874.506703977435
450,700,4970.623472298381
450,750,5060.106042820651
450,800,5143.811397368594
450,850,5222.440491652649
450,900,5296.573973665232
450,950,5366.698231954377
450,1000,5433.224754672332
450,1050,5496.5047604467
450,1100,5556.8404225235245
450,1150,5614.493595863849
450,1200,5669.692685516913
450,1250,5722.63811197607
450,1300,5773.506703977435
450,1350,5822.455261813553
450,1400,5869.623472298381
450,1450,5915.136311988281
475,0,0
475,50,1597.530481364297
475,100,2546.530481364297
475,150,3101.659894548675
475,200,3495.530481364297
475,250,3801.0402434124044
475,300,4050.6598945486758
475,350,4261.710302396964
475,400,4444.530481364299
475,450,4605.789307733053
475,500,4750.040243412405
475,550,4880.531087451093
475,600,4999.659894548676
475,650,5109.247773880193
475,700,5210.710302396964
475,750,5305.169656596782
475,800,5393.530481364299
475,850,5476.532717710869
475,900,5554.789307733053
475,950,5628.81369162226
475,1000,5699.040243412405
475,1050,5765.839715581341
475,1100,5829.531087451093
475,1150,5890.390777662403
475,1200,5948.659894548676
475,1250,6004.55000546051
475,1300,6058.247773880193
475,1350,6109.91872091743
475,1400,6159.710302396964
475,1450,6207.754445740363
500,0,0
500,50,1645.3544069692434
500,100,2644.3544069692434
500,150,3228.731945189679
500,200,3643.3544069692434
500,250,3964.9605737617194
500,300,4227.731945189679
500,350,4449.901974104791
500,400,4642.354406969244
500,450,4812.109483410114
500,500,4963.960573761719
500,550,5101.326593987905
500,600,5226.731945189679
500,650,5342.093685392195
500,700,5448.901974104791
500,750,5548.338111982154
500,800,5641.354406969244
500,850,5728.729785378334
500,900,5811.109483410114
500,950,5889.033992899386
500,1000,5962.960573761719
500,1050,6033.279512325226
500,1100,6100.326593987905
500,1150,6164.392801070199
500,1200,6225.731945189679
500,1250,6284.566740554193
500,1300,6341.093685392195
500,1350,6395.487021630549
500,1400,6447.901974104791
500,1450,6498.4774211016875
525,0,0
525,50,1691.3778228705532
525,100,2740.3778228705532
525,150,3354.003486127045
525,200,3789.3778228705532
525,250,4127.080394407396
525,300,4403.003486127047
525,350,4636.2931361089795
525,400,4838.377822870554
525,450,5016.62914938354
525,500,5176.080394407396
525,550,5320.321590821077
525,600,5452.003486127047
525,650,5573.139087200558
525,700,5685.2931361089795
525,750,5789.706057663889
525,800,5887.377822870554
525,850,5979.126343342159
525,900,6065.62914938354
525,950,6147.453784472875
525,1000,6225.080394407396
525,1050,6298.918799365472
525,1100,6369.321590821077
525,1150,6436.59431477436
525,1200,6501.003486127047
525,1250,6562.78296594424
525,1300,6622.139087200558
525,1350,6679.2548126400325
525,1400,6734.2931361089795
525,1450,6787.399886759376
550,0,0
550,50,1735.6863701273978
550,100,2834.686370127398
550,150,3477.5601584199476
550,200,3933.686370127398
550,250,4287.485346408608
550,300,4576.5601584199485
550,350,4820.969429468705
550,400,5032.686370127398
550,450,5219.433946712499
550,500,5386.485346408608
550,550,5537.601719009786
550,600,5675.5601584199485
550,650,5802.469620364458
550,700,5919.969429468705
550,750,6029.359134701159
550,800,6131.686370127398
550,850,6227.808032661522
550,900,6318.433946712499
550,950,6404.158707401899
550,1000,6485.485346408608
550,1050,6562.843217761256
550,1100,6636.601719009786
550,1150,6707.080959834055
550,1200,6774.5601584199485
550,1250,6839.28432268982
550,1300,6901.469620364458
550,1350,6961.30773500505
550,1400,7018.969429468705
550,1450,7074.607483772599
575,0,0
575,50,1778.3579100520774
575,100,2927.3579100520774
575,150,3599.479823380685
575,200,4076.3579100520765
575,250,4446.253291077657
575,300,4748.479823380687
575,350,5004.008715496264
575,400,5225.357910052078
575,450,5420.601736709295
575,500,5595.253291077657
575,550,5753.244839866331
575,600,5897.479823380687
575,650,6030.1631461961915
575,700,6153.008715496264
575,750,6267.375204406266
575,800,6374.357910052078
575,850,6474.852714648718
575,900,6569.601736709295
575,950,6659.226622998758
575,1000,6744.253291077657
575,1050,6825.1306288248725
575,1100,6902.244839866331
575,1150,6975.930597561584
575,1200,7046.479823380687
575,1250,7114.148672103236
575,1300,7179.1631461961915
575,1350,7241.723650037902
575,1400,7302.008715496264
575,1450,7360.178073453657
600,0,0
600,50,1819.4635385518695
600,100,3018.4635385518695
600,150,3719.833576916536
600,200,4217.4635385518695
600,250,4603.455324321817
600,300,4918.833576916536
600,350,5185.482090098937
600,400,5416.4635385518695
600,450,5620.2036152812025
600,500,5802.455324321817
600,550,5967.322049297988
600,600,6117.833576916536
600,650,6256.290760603038
600,700,6384.482090098937
600,750,6503.8253626864835
600,800,6615.4635385518695
600,850,6720.331485211026
600,900,6819.2036152812025
600,950,6912.728627170728
600,1000,7001.455324321817
600,1050,7085.852128463604
600,1100,7166.322049297988
600,1150,7243.214323864228
600,1200,7316.833576916536
600,1250,7387.447110091764
600,1300,7455.290760603038
600,1350,7520.573653645869
600,1400,7583.482090098937
600,1450,7644.182751709827
625,0,0
625,50,1859.0684314306764
625,100,3108.0684314306754
625,150,3838.6865948314
625,200,4357.068431430675
625,250,4759.1566219449915
625,300,5087.686594831402
625,350,5365.454729080625
625,400,5606.068431430677
625,450,5818.304758232124
625,500,6008.1566219449915
625,550,6179.89852310866
625,600,6336.686594831402
625,650,6480.9176393889
625,700,6614.454729080625
625,750,6738.774785345716
625,800,6855.068431430677
625,850,6964.309520152351
625,900,7067.304758232124
625,950,7164.7298957217145
625,1000,7257.1566219449915
625,1050,7345.0728924813475
625,1100,7428.89852310866
625,1150,7508.997314545885
625,1200,7585.686594831402
625,1250,7659.2448124593075
625,1300,7729.9176393889
625,1350,7797.922921632849
625,1400,7863.454729080625
625,1450,7926.686694345014
650,0,0
650,50,1897.2325544641708
650,100,3196.232554464171
650,150,3956.098842900953
650,200,4495.232554464171
650,250,4913.417149722855
650,300,5255.098842900953
650,350,5543.986598216999
650,400,5794.232554464171
650,450,6014.965131337735
650,500,6212.417149722855
650,550,6391.034227074019
650,600,6554.098842900953
650,650,6704.1037483294485
650,700,6842.986598216999
650,750,6972.283438159636
650,800,7093.232554464171
650,850,7206.846785248362
650,900,7313.965131337735
650,950,7415.2903944273885
650,1000,7511.417149722855
650,1050,7602.852886653781
650,1100,7690.034227074019
650,1150,7773.33953538223
650,1200,7853.098842900953
650,1250,7929.601744981538
650,1300,8003.1037483294485
650,1350,8073.831419774518
650,1400,8141.986598216999
650,1450,8207.749867134888
675,0,0
675,50,1934.0112642558852
675,100,3283.0112642558843
675,150,4072.1256777287244
675,200,4632.011264255884
675,250,5066.292264258937
675,300,5421.125677728726
675,350,5721.133054111594
675,400,5981.011264255886
675,450,6210.240091201565
675,500,6415.292264258937
675,550,6600.784517797599
675,600,6770.125677728726
675,650,6925.904444028217
675,700,7070.133054111594
675,750,7204.406677731776
675,800,7330.011264255886
675,850,7447.998637102594
675,900,7559.240091201565
675,950,7664.4654798912825
675,1000,7764.292264258937
675,1050,7859.247467584432
675,1100,7949.784517797599
675,1150,8036.296342976796
675,1200,8119.125677728726
675,1250,8198.573264261988
675,1300,8274.904444028216
675,1350,8348.354504674404
675,1400,8419.133054111593
675,1450,8487.42762668298
700,0,0
700,50,1969.4558201003774
700,100,3368.4558201003774
700,150,4186.818358609274
700,200,4767.455820100377
700,250,5217.833224847797
700,300,5585.8183586092755
700,350,5896.945356058965
700,400,6166.455820100377
700,450,6404.180897118174
700,500,6616.833224847797
700,550,6809.200654573956
700,600,6984.8183586092755
700,650,7146.370985779765
700,700,7295.945356058965
700,750,7435.195763356695
700,800,7565.455820100377
700,850,7687.816335009603
700,900,7803.180897118174
700,950,7912.306411407954
700,1000,8015.833224847797
700,1050,8114.3078945678635
700,1100,8208.200654573957
700,1150,8297.91899662414
700,1200,8383.818358609275
700,1250,8466.210629595218
700,1300,8545.370985779766
700,1350,8621.54343562707
700,1400,8694.945356058965
700,1450,8765.771232283849
725,0,0
725,50,2003.613822744509
725,100,3452.613822744508
725,150,4300.224486289464
725,200,4901.613822744508
725,250,5368.0876322362965
725,300,5749.224486289466
725,350,6071.471104805978
725,400,6350.61382274451
725,450,6596.83514983442
725,500,6817.0876322362965
725,550,7016.3302381499525
725,600,7198.224486289466
725,650,7365.55097433095
725,700,7520.471104805978
725,750,7664.698295781252
725,800,7799.61382274451
725,850,7926.347479716251
725,900,8045.83514983442
725,950,8158.8607897242655
725,1000,8266.087632236296
725,1050,8368.081768350932
725,1100,8465.330238149952
725,1150,8558.25509707112
725,1200,8647.224486289466
725,1250,8732.561441728085
725,1300,8814.55097433095
725,1350,8893.445813379376
725,1400,8969.471104805978
725,1450,9042.82828468436
750,0,0
750,50,2036.5295926494964
750,100,3535.5295926494964
750,150,4412.3883812305085
750,200,5034.529592649496
750,250,5517.099806885653
750,300,5911.38838123051
750,350,6244.754620813845
750,400,6533.529592649498
750,450,6788.247169811524
750,500,7016.099806885653
750,550,7222.217588986805
750,600,7410.38838123051
750,650,7583.4887301429935
750,700,7743.754620813845
750,750,7892.958595466665
750,800,8032.529592649498
750,850,8163.636391683756
750,900,8287.247169811524
750,950,8404.172935301433
750,1000,8515.099806885653
750,1050,8620.613409394859
750,1100,8721.217588986805
750,1150,8817.34896477896
750,1200,8909.38838123051
750,1250,8997.670021121809
750,1300,9082.488730142994
750,1350,9164.105958392536
750,1400,9242.754620813845
750,1450,9318.643104345727
775,0,0
775,50,2068.244497835646
775,100,3617.244497835646
775,150,4523.351411452718
775,200,5166.244497835646
775,250,5664.911116816172
775,300,6072.35141145272
775,350,6416.837272102876
775,400,6715.244497835648
775,450,6978.45832506979
775,500,7213.911116816172
775,550,7426.904075104821
775,600,7621.35141145272
775,650,7800.225621236198
775,700,7965.837272102876
775,750,8120.018030433242
775,800,8264.244497835647
775,850,8399.724438932422
775,900,8527.45832506979
775,950,8648.284216159762
775,1000,8762.911116816173
775,1050,8871.944185719945
775,1100,8975.90407510482
775,1150,9075.24196776796
775,1200,9170.35141145272
775,1250,9261.577735796694
775,1300,9349.225621236197
775,1350,9433.56523868686
775,1400,9514.837272102875
775,1450,9593.257059288255
800,0,0
800,50,2098.7972394402295
800,100,3697.7972394402295
800,150,4633.152278093357
800,200,5296.7972394402295
800,250,5811.560263165122
800,300,6232.152278093359
800,350,6587.75775981034
800,400,6895.797239440231
800,450,7167.507316746487
800,500,7410.560263165122
800,550,7630.428397641268
800,600,7831.152278093359
800,650,8015.8003487478345
800,700,8186.75775981034
800,750,8345.915301818251
800,800,8494.797239440231
800,850,8634.650322599522
800,900,8766.507316746487
800,950,8891.233333436523
800,1000,9009.560263165122
800,1050,9122.112798463468
800,1100,9229.428397641268
800,1150,9331.972807175393
800,1200,9430.15227809336
800,1250,9524.323286890014
800,1300,9614.800348747836
800,1350,9701.862355399617
800,1400,9785.75775981034
800,1450,9866.708850649216
825,0,0
825,50,2128.2241015945156
825,100,3777.2241015945156
825,150,4741.827265283703
825,200,5426.224101594516
825,250,5957.083530063776
825,300,6390.827265283705
825,350,6757.552368067506
825,400,7075.224101594517
825,450,7355.430428972891
825,500,7606.083530063776
825,550,7832.82684072742
825,600,8039.827265283705
825,650,8230.249196809178
825,700,8406.552368067507
825,750,8570.686693752963
825,800,8724.224101594518
825,850,8868.450326816328
825,900,9004.43042897289
825,950,9133.05657126299
825,1000,9255.083530063777
825,1050,9371.155531756693
825,1100,9481.826840727419
825,1150,9587.57776713253
825,1200,9688.827265283704
825,1250,9785.942958533036
825,1300,9879.249196809178
825,1350,9969.03359266208
825,1400,10055.552368067507
825,1450,10139.034762559884
850,0,0
850,50,2156.5591710249264
850,100,3855.5591710249264
850,150,4849.41045975017
850,200,5554.559171024926
850,250,6101.515004238556
850,300,6548.410459750172
850,350,6926.255183600797
850,400,7253.559171024928
850,450,7542.2617484754155
850,500,7800.515004238556
850,550,8034.133491089695
850,600,8247.410459750172
850,650,8443.606252146641
850,700,8625.255183600797
850,750,8794.3662929638
850,800,8952.559171024928
850,850,9101.158538309253
850,900,9241.261748475416
850,950,9373.78801636558
850,1000,9499.515004238554
850,1050,9619.106472326039
850,1100,9733.133491089695
850,1150,9842.090934365791
850,1200,9946.410459750172
850,1250,10046.470837452183
850,1300,10142.606252146641
850,1350,10235.11303720066
850,1400,10324.255183600795
850,1450,10410.26888174667
875,0,0
875,50,2183.834530829543
875,100,3932.834530829543
875,150,4955.933944590846
875,200,5681.834530829543
875,250,6244.886768787541
875,300,6704.933944590846
875,350,7093.898289508294
875,400,7430.834530829545
875,450,7728.03335835215
875,500,7993.886768787541
875,550,8234.380431826177
875,600,8453.933944590846
875,650,8655.903597858312
875,700,8842.898289508295
875,750,9016.986182548844
875,800,9179.834530829547
875,850,9332.807040176387
875,900,9477.03335835215
875,950,9613.459751842376
875,1000,9742.886768787539
875,1050,9865.997703269597
875,1100,9983.380431826175
875,1150,10095.54439197326
875,1200,10202.933944590848
875,1250,10305.939006745535
875,1300,10404.903597858312
875,1350,10500.132772113451
875,1400,10591.898289508295
875,1450,10680.443291307667
900,0,0
900,50,2210.0804321181786
900,100,4009.0804321181786
900,150,5061.427970915538
900,200,5808.080432118179
900,250,6387.229074820543
900,300,6860.42797091554
900,350,7260.511936899809
900,400,7607.08043211818
900,450,7912.775509712899
900,500,8186.229074820543
900,550,8433.597914046677
900,600,8659.427970915538
900,650,8867.171485054001
900,700,9059.51193689981
900,750,9238.576613617905
900,800,9406.080432118179
900,850,9563.426083527542
900,900,9711.775509712901
900,950,9852.10202880319
900,1000,9985.229074820545
900,1050,10111.859475697169
900,1100,10232.597914046677
900,1150,10347.968391064744
900,1200,10458.427970915538
900,1250,10564.377717522908
900,1300,10666.171485054001
900,1350,10764.12304851026
900,1400,10858.51193689981
900,1450,10949.588242352682
925,0,0
925,50,2235.3254465896625
925,100,4084.3254465896625
925,150,5165.921110423082
925,200,5933.3254465896625
925,250,6528.570494036398
925,300,7014.921110423082
925,350,7426.124697474173
925,400,7782.325446589664
925,450,8096.516774256501
925,500,8377.570494036398
925,550,8631.814509450025
925,600,8863.921110423082
925,650,9077.438485432544
925,700,9275.124697474173
925,750,9459.166157869815
925,800,9631.325446589664
925,850,9793.044240061543
925,900,9945.516774256499
925,950,10089.743418946855
925,1000,10226.570494036398
925,1050,10356.72036130759
925,1100,10480.814509450025
925,1150,10599.39150333908
925,1200,10712.921110423082
925,1250,10821.815541483127
925,1300,10926.438485432544
925,1350,11027.112438089916
925,1400,11124.124697474173
925,1450,11217.732306580543
950,0,0
950,50,2259.5966026215883
950,100,4158.596602621588
950,150,5269.440391491064
950,200,6057.596602621588
950,250,6668.93805481269
950,300,7168.440391491065
950,350,7590.763599608979
950,400,7956.59660262159
950,450,8279.28418036054
950,500,8567.93805481269
950,550,8829.057246413817
950,600,9067.440391491065
950,650,9286.731627371522
950,700,9489.763599608978
950,750,9678.781843682165
950,800,9855.59660262159
950,850,10021.688538155984
950,900,10178.28418036054
950,950,10326.41095065096
950,1000,10466.93805481269
950,1050,10600.607388478456
950,1100,10728.057246413817
950,1150,10849.840757173857
950,1200,10966.440391491065
950,1250,11078.27950700379
950,1300,11185.731627371522
950,1350,11289.127969230016
950,1400,11388.763599608978
950,1450,11484.902512368848
975,0,0
975,50,2282.9195070412534
975,100,4231.919507041253
975,150,5372.0114209467865
975,200,6180.919507041253
975,250,6808.357363976724
975,300,7321.011420946788
975,350,7754.454250131526
975,400,8129.919507041257
975,450,8461.103334852323
975,500,8757.357363976724
975,550,9025.351731765346
975,600,9270.01142094679
975,650,9495.076517698242
975,700,9703.454250131526
975,750,9897.449277882257
975,800,10078.919507041257
975,850,10249.384584638166
975,900,10410.103334852323
975,950,10562.130230742805
975,1000,10706.357363976724
975,1050,10843.54616403706
975,1100,10974.351731765346
975,1150,11099.341759396371
975,1200,11219.01142094679
975,1250,11333.79522091219
975,1300,11444.076517698242
975,1350,11550.195248757856
975,1400,11652.454250131526
975,1450,11751.12446654489
1000,0,0
1000,50,2305.3184544129235
1000,100,4304.3184544129235
1000,150,5473.658493354515
1000,200,6303.3184544129235
1000,250,6946.852716092761
1000,300,7472.658493354515
1000,350,7917.220943606075
1000,400,8302.318454412924
1000,450,8641.998532296106
1000,500,8945.85271609276
1000,550,9220.722260068882
1000,600,9471.658493354515
1000,650,9702.497450976965
1000,700,9916.220943606075
1000,750,10115.192755034352
1000,800,10301.318454412924
1000,850,10476.156674072352
1000,900,10640.998532296106
1000,950,10796.92555378665
1000,1000,10944.85271609276
1000,1050,11085.560982547666
1000,1100,11219.722260068882
1000,1150,11347.918804570892
1000,1200,11470.658493354515
1000,1250,11588.386977772598
1000,1300,11701.497450976965
1000,1350,11810.338571237697
1000,1400,11915.220943606075
1000,1450,12016.42246367294
1025,0,0
1025,50,2326.8165254013857
1025,100,4375.816525401386
1025,150,5574.404689379035
1025,200,6424.816525401386
1025,250,7084.447191825593
1025,300,7623.404689379036
1025,350,8079.086760697417
1025,400,8473.816525401387
1025,450,8821.992853356685
1025,500,9133.447191825591
1025,550,9415.191911989208
1025,600,9672.404689379036
1025,650,9909.017507872482
1025,700,10128.086760697417
1025,750,10332.03535580324
1025,800,10522.816525401387
1025,850,10702.027887123331
1025,900,10870.992853356685
1025,950,11030.820000447293
1025,1000,11182.447191825591
1025,1050,11326.674924675066
1025,1100,11464.191911989208
1025,1150,11595.594973362207
1025,1200,11721.404689379036
1025,1250,11842.077858249795
1025,1300,11958.017507872482
1025,1350,12069.581017334334
1025,1400,12177.086760697417
1025,1450,12280.819584417783
1050,0,0
1050,50,2347.435675543433
1050,100,4446.435675543433
1050,150,5674.27196455714
1050,200,6545.435675543433
1050,250,7221.162746712005
1050,300,7773.2719645571415
1050,350,8240.073656942346
1050,400,8644.435675543435
1050,450,9001.108253570848
1050,500,9320.162746712005
1050,550,9608.782643063121
1050,600,9872.271964557141
1050,650,10114.658643921583
1050,700,10339.073656942346
1050,750,10547.999035725712
1050,800,10743.435675543435
1050,850,10927.020179327897
1050,900,11100.108253570848
1050,950,11263.835526261519
1050,1000,11419.162746712005
1050,1050,11566.909945956053
1050,1100,11707.782643063121
1050,1150,11842.392221307102
1050,1200,11971.271964557141
1050,1250,12094.88981788058
1050,1300,12213.658643921583
1050,1350,12327.944542584555
1050,1400,12438.073656942346
1050,1450,12544.337784316205
1075,0,0
1075,50,2367.196815568821
1075,100,4516.196815568821
1075,150,5773.281229618586
1075,200,6665.196815568821
1075,250,7357.0202914817655
1075,300,7922.281229618589
1075,350,8400.202543070614
1075,400,8814.196815568825
1075,450,9179.365643668354
1075,500,9506.020291481766
1075,550,9801.515364020373
1075,600,10071.28122961859
1075,650,10319.44176985403
1075,700,10549.202543070614
1075,750,10763.10470553153
1075,800,10963.196815568825
1075,850,11151.154461415803
1075,900,11328.365643668354
1075,950,11495.993041959087
1075,1000,11655.020291481766
1075,1050,11806.28695712038
1075,1100,11950.515364020373
1075,1150,12088.331459135343
1075,1200,12220.28122961859
1075,1250,12346.843767394703
1075,1300,12468.44176985403
1075,1350,12585.450057718115
1075,1400,12698.202543070614
1075,1450,12806.997974097974
1100,0,0
1100,50,2386.119884252983
1100,100,4585.119884252983
1100,150,5871.452423338806
1100,200,6784.119884252983
1100,250,7492.039764910294
1100,300,8070.452423338806
1100,350,8559.493357857655
1100,400,8983.119884252987
1100,450,9356.784962424628
1100,500,9691.039764910294
1100,550,9993.410013636401
1100,600,10269.452423338806
1100,650,10523.386824445244
1100,700,10758.493357857655
1100,750,10977.372303996117
1100,800,11182.119884252987
1100,850,11374.45067216248
1100,900,11555.784962424628
1100,950,11727.312486315428
1100,1000,11890.039764910294
1100,1050,12044.825896943477
1100,1100,12192.410013636401
1100,1150,12333.432625622356
1100,1200,12468.452423338806
1100,1250,12597.959645567602
1100,1300,12722.386824445244
1100,1350,12842.11750151045
1100,1400,12957.493357857655
1100,1450,13068.820092538512
1125,0,0
1125,50,2404.2239146498014
1125,100,4653.223914649801
1125,150,5968.804578771682
1125,200,6902.223914649803
1125,250,7626.240200051481
1125,300,8217.804578771684
1125,350,8717.965134357353
1125,400,9151.223914649803
1125,450,9533.385242893564
1125,500,9875.240200051481
1125,550,10184.485624965084
1125,600,10466.804578771684
1125,650,10726.512840749117
1125,700,10966.965134357353
1125,750,11190.820864173362
1125,800,11400.223914649803
1125,850,11596.927844621816
1125,900,11782.385242893564
1125,950,11957.812892384427
1125,1000,12124.240200051481
1125,1050,12282.545798479234
1125,1100,12433.485624965084
1125,1150,12577.714753822023
1125,1200,12715.804578771684
1125,1250,12848.256485453156
1125,1300,12975.512840749117
1125,1350,13097.965907015445
1125,1400,13215.965134357353
1125,1450,13329.823172691711
1150,0,0
1150,50,2421.5270944397616
1150,100,4720.527094439762
1150,150,6065.355883597698
1150,200,7019.52709443976
1150,250,7759.639784585808
1150,300,8364.355883597702
1150,350,8875.636060250195
1150,400,9318.527094439763
1150,450,9709.18467275564
1150,500,10058.639784585808
1150,550,10374.760385686906
1150,600,10663.355883597702
1150,650,10928.83800644613
1150,700,11174.636060250195
1150,750,11403.468573743747
1150,800,11617.527094439763
1150,850,11818.604166474292
1150,900,12008.18467275564
1150,950,12187.512447846566
1150,1000,12357.639784585808
1150,1050,12519.464849408134
1150,1100,12673.760385686906
1150,1150,12821.196031414835
1150,1200,12962.355883597702
1150,1250,13097.752474731853
1150,1300,13227.83800644613
1150,1350,13353.013461913579
1150,1400,13473.636060250195
1150,1450,13590.02540223805
1175,0,0
1175,50,2438.046821032847
1175,100,4787.046821032847
1175,150,6161.123735226844
1175,200,7136.046821032847
1175,250,7892.255915923262
1175,300,8510.123735226847
1175,350,9032.523532946161
1175,400,9485.04682103285
1175,450,9884.20064942084
1175,500,10241.255915923262
1175,550,10564.25169321186
1175,600,10859.123735226847
1175,650,11130.379718946271
1175,700,11381.523532946161
1175,750,11615.332830117259
1175,800,11834.04682103285
1175,850,12039.497035129898
1175,900,12233.20064942084
1175,950,12416.428550111832
1175,1000,12590.255915923262
1175,1050,12755.600447140157
1175,1100,12913.25169321186
1175,1150,13063.893855810773
1175,1200,13208.123735226847
1175,1250,13346.465010813674
1175,1300,13479.379718946271
1175,1350,13607.277563614836
1175,1400,13730.523532946161
1175,1450,13849.444178587513
1200,0,0
1200,50,2453.79975198401
1200,100,4852.79975198401
1200,150,6256.124791214064
1200,200,7251.79975198401
1200,250,8024.105251618792
1200,300,8655.124791214064
1200,350,9188.644210000202
1200,400,9650.799751984014
1200,450,10058.449830444119
1200,500,10423.105251618792
1200,550,10752.976205094885
1200,600,11054.124791214064
1200,650,11331.15463580449
1200,700,11587.644210000202
1200,750,11826.430290848846
1200,800,12049.799751984014
1200,850,12259.623108143576
1200,900,12457.449830444119
1200,950,12644.577856735174
1200,1000,12822.105251618792
1200,1050,12990.969249230257
1200,1100,13151.976205094885
1200,1150,13305.824884564783
1200,1200,13453.124791214064
1200,1250,13594.410751253574
1200,1300,13730.15463580449
1200,1350,13860.774869674173
1200,1400,13986.644210000202
1200,1450,14108.096159295055
1225,0,0
1225,50,2468.801851209244
1225,100,4917.801851209244
1225,150,6350.3750154753525
1225,200,7366.801851209244
1225,250,8155.203755588393
1225,300,8799.375015475356
1225,350,9344.014055328318
1225,400,9815.801851209244
1225,450,10231.948179741468
1225,500,10604.203755588393
1225,550,10940.949885251985
1225,600,11248.375015475356
1225,650,11531.178720936778
1225,700,11793.014055328318
1225,750,12036.776919854505
1225,800,12264.801851209244
1225,850,12478.998349431326
1225,900,12680.948179741468
1225,950,12871.976331632586
1225,1000,13053.203755588393
1225,1050,13225.587219594427
1225,1100,13389.949885251985
1225,1150,13547.005081592868
1225,1200,13697.375015475356
1225,1250,13841.605659967545
1225,1300,13980.178720936778
1225,1350,14113.52134400758
1225,1400,14242.014055328318
1225,1450,14365.997308276668
1250,0,0
1250,50,2483.0684314306764
1250,100,4982.068431430678
1250,150,6443.889720732845
1250,200,7481.068431430678
1250,250,8285.566740554197
1250,300,8942.889720732848
1250,350,9498.64838165263
1250,400,9980.068431430678
1250,450,10404.711010035018
1250,500,10784.566740554197
1250,550,11128.188046405281
1250,600,11441.889720732848
1250,650,11730.467287065265
1250,700,11997.64838165263
1250,750,12246.388029856364
1250,800,12479.068431430678
1250,850,12697.638071715275
1250,900,12903.711010035018
1250,950,13098.639287526199
1250,1000,13283.566740554197
1250,1050,13459.4696709548
1250,1100,13627.188046405281
1250,1150,13787.449759617153
1250,1200,13940.889720732848
1250,1250,14088.065049677713
1250,1300,14229.467287065265
1250,1350,14365.532299337185
1250,1400,14496.64838165263
1250,1450,14623.162938254478
1275,0,0
1275,50,2496.614193227595
1275,100,5045.614193227593
1275,150,6536.683607565821
1275,200,7594.614193227593
1275,250,8415.208907095483
1275,300,9085.683607565825
1275,350,9652.561889552428
1275,400,10143.614193227597
1275,450,10576.75302190405
1275,500,10964.208907095483
1275,550,11314.705389134066
1275,600,11634.683607565825
1275,650,11929.035034769237
1275,700,12201.561889552428
1275,750,12455.278321433707
1275,800,12692.614193227597
1275,850,12915.55697557471
1275,900,13125.75302190405
1275,950,13324.581424995296
1275,1000,13513.208907095483
1275,1050,13692.631303890656
1275,1100,13863.705389134066
1275,1150,14027.17361921692
1275,1200,14183.683607565825
1275,1250,14333.803620963368
1275,1300,14478.035034769237
1275,1350,14616.822436242277
1275,1400,14750.561889552428
1275,1450,14879.607749807776
1300,0,0
1300,50,2509.4532610260303
1300,100,5108.45326102603
1300,150,6628.770800400316
1300,200,7707.45326102603
1300,250,8544.144379638286
1300,300,9227.770800400316
1300,350,9805.768703453743
1300,400,10306.453261026034
1300,450,10748.088339774602
1300,500,11143.144379638286
1300,550,11500.516037864365
1300,600,11826.770800400316
1300,650,12126.896088474727
1300,700,12404.768703453743
1300,750,12663.461919012572
1300,800,12905.453261026034
1300,850,13132.769185435665
1300,900,13347.088339774602
1300,950,13549.816868465912
1300,1000,13742.144379638286
1300,1050,13925.086242828029
1300,1100,14099.516037864365
1300,1150,14266.190784818207
1300,1200,14425.770800400316
1300,1250,14578.835498250539
1300,1300,14725.896088474727
1300,1350,14867.405879148888
1300,1400,15003.768703453743
1300,1450,15135.345867362588
1325,0,0
1325,50,2521.5992163211577
1325,100,5170.599216321158
1325,150,6720.164880731498
1325,200,7819.599216321158
1325,250,8672.38673967778
1325,300,9369.164880731501
1325,350,9958.282404851752
1325,400,10468.599216321158
1325,450,10918.730545141845
1325,500,11321.38673967778
1325,550,11685.633574091358
1325,600,12018.164880731501
1325,650,12324.064029676907
1325,700,12607.282404851752
1325,750,12870.952404088124
1325,800,13117.599216321158
1325,850,13349.288282793308
1325,900,13567.730545141845
1325,950,13774.359199433215
1325,1000,13970.38673967778
1325,1050,14156.848069262092
1325,1100,14334.633574091358
1325,1150,14504.514837916186
1325,1200,14667.164880731501
1325,1250,14823.174263034403
1325,1300,14973.064029676907
1325,1350,15117.296209552185
1325,1400,15256.282404851752
1325,1450,15390.390872414095
1350,0,0
1350,50,2533.065128393482
1350,100,5232.065128393484
1350,150,6810.878917839882
1350,200,7931.065128393484
1350,250,8799.949056494474
1350,300,9509.878917839886
1350,350,10110.116063026957
1350,400,10630.065128393484
1350,450,11088.692707286284
1350,500,11498.949056494474
1350,550,11870.071067095547
1350,600,12208.878917839886
1350,650,12520.55192765629
1350,700,12809.116063026957
1350,750,13077.762845940875
1350,800,13329.065128393484
1350,850,13565.12733692815
1350,900,13787.692707286284
1350,950,13998.22148717772
1350,1000,14197.949056494474
1350,1050,14387.929852473359
1350,1100,14569.071067095547
1350,1150,14742.15884779136
1350,1200,14907.878917839886
1350,1250,15066.832984595463
1350,1300,15219.55192765629
1350,1350,15366.506496732685
1350,1400,15508.116063026957
1350,1450,15644.7558342428
1375,0,0
1375,50,2543.863582750768
1375,100,5292.863582750766
1375,150,6900.9254972332255
1375,200,8041.863582750766
1375,250,8926.843915596126
1375,300,9649.92549723323
1375,350,10261.28226348712
1375,400,10790.86358275077
1375,450,11257.987411715685
1375,500,11675.843915596126
1375,550,12053.841102384698
1375,600,12398.92549723323
1375,650,12716.372367920629
1375,700,13010.28226348712
1375,750,13283.905830078585
1375,800,13539.86358275077
1375,850,13780.29893334795
1375,900,14006.987411715685
1375,950,14221.416317207184
1375,1000,14424.843915596126
1375,1050,14618.34417796958
1375,1100,14802.841102384698
1375,1150,14979.135399951496
1375,1200,15147.92549723323
1375,1250,15309.824248441486
1375,1300,15465.372367920629
1375,1350,15615.049326198145
1375,1400,15759.28226348712
1375,1450,15898.453338356461
1400,0,0
1400,50,2554.00670750236
1400,100,5353.00670750236
1400,150,6990.316747020877
1400,200,8152.00670750236
1400,250,9053.083445092087
1400,300,9789.316747020877
1400,350,10411.793134341597
1400,400,10951.006707502363
1400,450,11426.626786539395
1400,500,11852.083445092087
1400,550,12236.955808068155
1400,600,12588.316747020877
1400,650,12911.537478579276
1400,700,13210.793134341597
1400,750,13489.393484610604
1400,800,13750.006707502363
1400,850,13994.81520016206
1400,900,14225.626786539395
1400,950,14443.955817630957
1400,1000,14651.083445092087
1400,1050,14848.10317386011
1400,1100,15035.955808068155
1400,1150,15215.45662250594
1400,1200,15387.316747020877
1400,1250,15552.160182681813
1400,1300,15710.537478579276
1400,1350,15862.936826057909
1400,1400,16009.793134341597
1400,1450,16151.495512864434
1425,0,0
1425,50,2563.506197850511
1425,100,5412.506197850511
1425,150,7079.064362405083
1425,200,8261.506197850511
1425,250,9178.679340184608
1425,300,9928.064362405086
1425,350,10561.660370792626
1425,400,11110.506197850511
1425,450,11594.622526959662
1425,500,12027.679340184608
1425,550,12419.426879348171
1425,600,12777.064362405086
1425,650,13106.05895483448
1425,700,13410.660370792626
1425,750,13694.23750473918
1425,800,13959.506197850511
1425,850,14208.68783257273
1425,900,14443.622526959662
1425,950,14665.851683651286
1425,1000,14876.679340184608
1425,1050,15077.218535347198
1425,1100,15268.426879348171
1425,1150,15451.13421065694
1425,1200,15626.064362405086
1425,1250,15793.852482518701
1425,1300,15955.05895483448
1425,1350,16110.180691514233
1425,1400,16259.660370792626
1425,1450,16403.89405296896
1450,0,0
1450,50,2572.373338863694
1450,100,5471.373338863696
1450,150,7167.179628454325
1450,200,8370.373338863696
1450,250,9303.64288594216
1450,300,10066.179628454329
1450,350,10710.895257908689
1450,400,11269.373338863696
1450,450,11761.985918044958
1450,500,12202.64288594216
1450,550,12601.265601293218
1450,600,12965.179628454329
1450,650,13299.948081754717
1450,700,13609.895257908689
1450,750,13898.449175532789
1450,800,14168.373338863696
1450,850,14421.92811564843
1450,900,14660.985918044958
1450,950,14887.11520033665
1450,1000,15101.64288594216
1450,1050,15305.701547499322
1450,1100,15500.265601293218
1450,1150,15686.179449472975
1450,1200,15864.179628454329
1450,1250,16034.91243302062
1450,1300,16198.948081754717
1450,1350,16356.792207635592
1450,1400,16508.89525790869
1450,1450,16655.660243738523
1475,0,0
1475,50,2580.6190266800895
1475,100,5529.6190266800895
1475,150,7254.673441306781
1475,200,8478.61902668009
1475,250,9427.984978502924
1475,300,10203.67344130678
1475,350,10859.508691827965
1475,400,11427.619026680093
1475,450,11928.727855933472
1475,500,12376.984978502924
1475,550,12782.482870041482
1475,600,13152.67344130678
1475,650,13493.215755478172
1475,700,13808.508691827965
1475,750,14102.039393129611
1475,800,14376.619026680093
1475,850,14634.546945527343
1475,900,14877.727855933472
1475,950,15107.757263825226
1475,1000,15325.984978502924
1475,1050,15533.563106454656
1475,1100,15731.482870041482
1475,1150,15920.603235092223
1475,1200,16101.67344130678
1475,1250,16275.350930325754
1475,1300,16442.215755478173
1475,1350,16602.782270560157
1475,1400,16757.508691827963
1475,1450,16906.804981311303
